{
  "stamp": "20260606-152743",
  "concurrency": 1,
  "rounds": 3,
  "max_tokens": 256,
  "results": [
    {
      "model": "qwen3.5-27b",
      "engine": "rapid-mlx",
      "arch_note": "Same MLX weights",
      "median_aggregate_tps": 33.32382125677495,
      "median_per_stream_tps": 34.125316918593704,
      "error": null,
      "rounds": [
        {
          "wall_s": 7.716229750018101,
          "total_output_tokens": 256,
          "aggregate_tps": 33.17682447174405,
          "per_request_tps": [
            34.17012753531715
          ]
        },
        {
          "wall_s": 7.664066165976692,
          "total_output_tokens": 256,
          "aggregate_tps": 33.40263437918479,
          "per_request_tps": [
            34.125316918593704
          ]
        },
        {
          "wall_s": 7.682192208012566,
          "total_output_tokens": 256,
          "aggregate_tps": 33.32382125677495,
          "per_request_tps": [
            34.09569963661693
          ]
        }
      ]
    }
  ]
}